package,class,name,name,count,min,max,avg
,,test_dsession,FAILED,14,0,0,0.00000000000000000000
acceptance_test,acceptance_test,test_crashing_item,FIXED,13,0,0,0.00000000000000000000
acceptance_test,acceptance_test,test_crashing_item,PASSED,254,0,0,0.00000000000000000000
acceptance_test,acceptance_test,test_crashing_item,REGRESSION,9,0,0,0.00000000000000000000
acceptance_test,acceptance_test,test_funcarg_teardown_failure,PASSED,276,0,0,0.00000000000000000000
acceptance_test,acceptance_test,test_session_hooks,FIXED,13,0,0,0.00000000000000000000
acceptance_test,acceptance_test,test_session_hooks,PASSED,254,0,0,0.00000000000000000000
acceptance_test,acceptance_test,test_session_hooks,REGRESSION,9,0,0,0.00000000000000000000
acceptance_test,acceptance_test,test_skipping,FIXED,9,0,0,0.00000000000000000000
acceptance_test,acceptance_test,test_skipping,PASSED,246,0,0,0.00000000000000000000
acceptance_test,acceptance_test,test_skipping,REGRESSION,9,0,0,0.00000000000000000000
acceptance_test,acceptance_test,test_teardownfails_one_function,FIXED,13,0,0,0.00000000000000000000
acceptance_test,acceptance_test,test_teardownfails_one_function,PASSED,254,0,0,0.00000000000000000000
acceptance_test,acceptance_test,test_teardownfails_one_function,REGRESSION,9,0,0,0.00000000000000000000
acceptance_test,acceptance_test,test_terminate_on_hangingnode,SKIPPED,276,0,0,0.00000000000000000000
acceptance_test,cceptance_test.TestDistEach,test_simple,FIXED,13,0,0,0.00000000000000000000
acceptance_test,cceptance_test.TestDistEach,test_simple,PASSED,254,0,0,0.00000000000000000000
acceptance_test,cceptance_test.TestDistEach,test_simple,REGRESSION,9,0,0,0.00000000000000000000
acceptance_test,cceptance_test.TestDistEach,test_simple_diffoutput,SKIPPED,276,0,0,0.00000000000000000000
acceptance_test,cceptance_test.TestDistribution,test_basetemp_in_subprocesses,FIXED,13,0,0,0.00000000000000000000
acceptance_test,cceptance_test.TestDistribution,test_basetemp_in_subprocesses,PASSED,254,0,0,0.00000000000000000000
acceptance_test,cceptance_test.TestDistribution,test_basetemp_in_subprocesses,REGRESSION,9,0,0,0.00000000000000000000
acceptance_test,cceptance_test.TestDistribution,test_data_exchange,FIXED,13,0,0,0.00000000000000000000
acceptance_test,cceptance_test.TestDistribution,test_data_exchange,PASSED,254,0,0,0.00000000000000000000
acceptance_test,cceptance_test.TestDistribution,test_data_exchange,REGRESSION,9,0,0,0.00000000000000000000
acceptance_test,cceptance_test.TestDistribution,test_dist_ini_specified,FIXED,13,0,0,0.00000000000000000000
acceptance_test,cceptance_test.TestDistribution,test_dist_ini_specified,PASSED,254,0,0,0.00000000000000000000
acceptance_test,cceptance_test.TestDistribution,test_dist_ini_specified,REGRESSION,9,0,0,0.00000000000000000000
acceptance_test,cceptance_test.TestDistribution,test_dist_tests_with_crash,FIXED,10,0,0,0.00000000000000000000
acceptance_test,cceptance_test.TestDistribution,test_dist_tests_with_crash,PASSED,170,0,0,0.00000000000000000000
acceptance_test,cceptance_test.TestDistribution,test_dist_tests_with_crash,REGRESSION,6,0,0,0.00000000000000000000
acceptance_test,cceptance_test.TestDistribution,test_dist_tests_with_crash,SKIPPED,90,0,0,0.00000000000000000000
acceptance_test,cceptance_test.TestDistribution,test_distribution_rsyncdirs_example,FIXED,13,0,0,0.00000000000000000000
acceptance_test,cceptance_test.TestDistribution,test_distribution_rsyncdirs_example,PASSED,254,0,0,0.00000000000000000000
acceptance_test,cceptance_test.TestDistribution,test_distribution_rsyncdirs_example,REGRESSION,9,0,0,0.00000000000000000000
acceptance_test,cceptance_test.TestDistribution,test_keyboard_interrupt_dist,PASSED,31,0,0,0.00000000000000000000
acceptance_test,cceptance_test.TestDistribution,test_keyboard_interrupt_dist,SKIPPED,245,0,0,0.00000000000000000000
acceptance_test,cceptance_test.TestDistribution,test_keyboardinterrupt_hooks_issue79,FIXED,13,0,0,0.00000000000000000000
acceptance_test,cceptance_test.TestDistribution,test_keyboardinterrupt_hooks_issue79,PASSED,254,0,0,0.00000000000000000000
acceptance_test,cceptance_test.TestDistribution,test_keyboardinterrupt_hooks_issue79,REGRESSION,9,0,0,0.00000000000000000000
acceptance_test,cceptance_test.TestDistribution,test_manytests_to_one_popen,FIXED,13,0,0,0.00000000000000000000
acceptance_test,cceptance_test.TestDistribution,test_manytests_to_one_popen,PASSED,254,0,0,0.00000000000000000000
acceptance_test,cceptance_test.TestDistribution,test_manytests_to_one_popen,REGRESSION,9,0,0,0.00000000000000000000
acceptance_test,cceptance_test.TestDistribution,test_n1_fail,FIXED,13,0,0,0.00000000000000000000
acceptance_test,cceptance_test.TestDistribution,test_n1_fail,PASSED,254,0,0,0.00000000000000000000
acceptance_test,cceptance_test.TestDistribution,test_n1_fail,REGRESSION,9,0,0,0.00000000000000000000
acceptance_test,cceptance_test.TestDistribution,test_n1_fail_minus_x,FIXED,13,0,0,0.00000000000000000000
acceptance_test,cceptance_test.TestDistribution,test_n1_fail_minus_x,PASSED,254,0,0,0.00000000000000000000
acceptance_test,cceptance_test.TestDistribution,test_n1_fail_minus_x,REGRESSION,9,0,0,0.00000000000000000000
acceptance_test,cceptance_test.TestDistribution,test_n1_pass,FIXED,13,0,0,0.00000000000000000000
acceptance_test,cceptance_test.TestDistribution,test_n1_pass,PASSED,254,0,0,0.00000000000000000000
acceptance_test,cceptance_test.TestDistribution,test_n1_pass,REGRESSION,9,0,0,0.00000000000000000000
acceptance_test,cceptance_test.TestDistribution,test_n1_skip,FIXED,13,0,0,0.00000000000000000000
acceptance_test,cceptance_test.TestDistribution,test_n1_skip,PASSED,254,0,0,0.00000000000000000000
acceptance_test,cceptance_test.TestDistribution,test_n1_skip,REGRESSION,9,0,0,0.00000000000000000000
acceptance_test,cceptance_test.TestTerminalReporting,test_fail_platinfo,FIXED,13,0,0,0.00000000000000000000
acceptance_test,cceptance_test.TestTerminalReporting,test_fail_platinfo,PASSED,254,0,0,0.00000000000000000000
acceptance_test,cceptance_test.TestTerminalReporting,test_fail_platinfo,REGRESSION,9,0,0,0.00000000000000000000
acceptance_test,cceptance_test.TestTerminalReporting,test_pass_skip_fail,FIXED,13,0,0,0.00000000000000000000
acceptance_test,cceptance_test.TestTerminalReporting,test_pass_skip_fail,PASSED,254,0,0,0.00000000000000000000
acceptance_test,cceptance_test.TestTerminalReporting,test_pass_skip_fail,REGRESSION,9,0,0,0.00000000000000000000
linux.testing,test_boxed,test_functional_boxed,PASSED,229,94,2288,129.3755458515283843
linux.testing,test_deprecated,test_dist_conftest_options,FAILED,2,395,577,486.0000000000000000
linux.testing,test_deprecated,test_dist_conftest_options,PASSED,183,252,2602,396.8961748633879781
linux.testing,test_deprecated,test_dist_conftest_options,SKIPPED,44,269,1057,402.7272727272727273
linux.testing,test_dsession,test_collected_function_causes_remote_skip,PASSED,229,261,2569,424.2096069868995633
linux.testing,test_dsession,test_crashing_item,PASSED,229,255,3180,450.5458515283842795
linux.testing,test_dsession,test_funcarg_teardown_failure,PASSED,229,268,3753,407.5152838427947598
linux.testing,test_dsession,test_session_hooks,PASSED,229,282,1151,421.1528384279475983
linux.testing,test_dsession,test_teardownfails_one_function,PASSED,229,242,2714,386.2620087336244541
linux.testing,test_dsession,test_terminate_on_hangingnode,SKIPPED,229,3235,7559,3399.5414847161572052
linux.testing,test_mypickle,test_pickle_and_back_IS_same[0],PASSED,229,0,0,0.00000000000000000000
linux.testing,test_mypickle,test_pickle_and_back_IS_same[10],PASSED,229,0,0,0.00000000000000000000
linux.testing,test_mypickle,test_pickle_and_back_IS_same[11],PASSED,229,0,0,0.00000000000000000000
linux.testing,test_mypickle,test_pickle_and_back_IS_same[12],PASSED,229,0,1,0.00873362445414847162
linux.testing,test_mypickle,test_pickle_and_back_IS_same[13],PASSED,229,0,0,0.00000000000000000000
linux.testing,test_mypickle,test_pickle_and_back_IS_same[14],PASSED,229,0,0,0.00000000000000000000
linux.testing,test_mypickle,test_pickle_and_back_IS_same[15],PASSED,229,0,0,0.00000000000000000000
linux.testing,test_mypickle,test_pickle_and_back_IS_same[1],PASSED,229,0,0,0.00000000000000000000
linux.testing,test_mypickle,test_pickle_and_back_IS_same[2],PASSED,229,0,0,0.00000000000000000000
linux.testing,test_mypickle,test_pickle_and_back_IS_same[3],PASSED,229,0,3,0.04803493449781659389
linux.testing,test_mypickle,test_pickle_and_back_IS_same[4],PASSED,229,0,2,0.01310043668122270742
linux.testing,test_mypickle,test_pickle_and_back_IS_same[5],PASSED,229,0,0,0.00000000000000000000
linux.testing,test_mypickle,test_pickle_and_back_IS_same[6],PASSED,229,0,0,0.00000000000000000000
linux.testing,test_mypickle,test_pickle_and_back_IS_same[7],PASSED,229,0,0,0.00000000000000000000
linux.testing,test_mypickle,test_pickle_and_back_IS_same[8],PASSED,229,0,0,0.00000000000000000000
linux.testing,test_mypickle,test_pickle_and_back_IS_same[9],PASSED,229,0,0,0.00000000000000000000
linux.testing,test_mypickle,test_pickling_concurrently,PASSED,229,0,0,0.00000000000000000000
linux.testing,test_mypickle,test_pickling_twice_before_unpickling,PASSED,229,0,1,0.00873362445414847162
linux.testing,test_mypickle,test_self_memoize,PASSED,229,0,0,0.00000000000000000000
linux.testing,test_mypickle,test_underlying_basic_pickling_mechanisms[0],PASSED,229,0,0,0.00000000000000000000
linux.testing,test_mypickle,test_underlying_basic_pickling_mechanisms[1],PASSED,183,0,13,0.07103825136612021858
linux.testing,test_pickling,test_config__setstate__wired_correctly_in_childprocess,PASSED,229,78,230,105.2314410480349345
linux.testing,test_plugin,test_dist_incompatibility_messages,PASSED,229,165,370,217.8689956331877729
linux.testing,test_plugin,test_dist_options,PASSED,229,23,67,30.0218340611353712
linux.testing,test_txnode,test_node_hash_equality,PASSED,229,67,1152,105.4628820960698690
linux.testing,test_util,test_filechange,PASSED,229,2,5,2.9344978165938865
linux.testing,test_util,test_pycremoval,PASSED,229,0,18,0.94323144104803493450
linux.testing,test_util,test_waitonchange,PASSED,229,200,222,200.7772925764192140
linux.testing.acceptance_test,TestDistribution,test_data_exchange,PASSED,229,252,1675,422.7860262008733624
linux.testing.acceptance_test,TestDistribution,test_dist_conftest_specified,PASSED,229,344,3042,576.1004366812227074
linux.testing.acceptance_test,TestDistribution,test_dist_each,PASSED,229,299,1459,516.2358078602620087
linux.testing.acceptance_test,TestDistribution,test_dist_tests_with_crash,PASSED,229,895,3623,1084.6157205240174672
linux.testing.acceptance_test,TestDistribution,test_distribution_rsyncdirs_example,PASSED,229,350,1488,506.3275109170305677
linux.testing.acceptance_test,TestDistribution,test_keyboard_interrupt_dist,PASSED,41,195,428,238.4390243902439024
linux.testing.acceptance_test,TestDistribution,test_keyboard_interrupt_dist,SKIPPED,171,0,1,0.05847953216374269006
linux.testing.acceptance_test,TestDistribution,test_keyboardinterrupt_hooks_issue79,PASSED,229,271,2460,430.3755458515283843
linux.testing.acceptance_test,TestDistribution,test_manytests_to_one_popen,PASSED,229,261,1327,471.4934497816593886
linux.testing.acceptance_test,TestTerminalReporting,test_fail_platinfo,PASSED,212,222,2966,412.8254716981132075
linux.testing.acceptance_test,TestTerminalReporting,test_pass_skip_fail,PASSED,212,226,2482,401.5000000000000000
linux.testing.test_boxed,TestOptionEffects,test_boxed_option_default,PASSED,229,14,55,19.3668122270742358
linux.testing.test_boxed,TestOptionEffects,test_is_not_boxed_by_default,PASSED,229,6,690,11.4890829694323144
linux.testing.test_dsession,TestDSession,test_add_remove_node,PASSED,229,9,27,11.5545851528384279
linux.testing.test_dsession,TestDSession,test_dist_some_tests,PASSED,229,147,445,276.2270742358078603
linux.testing.test_dsession,TestDSession,test_exit_completed_tests_fail,PASSED,229,10,325,13.9563318777292576
linux.testing.test_dsession,TestDSession,test_exit_completed_tests_ok,PASSED,229,10,23,12.5240174672489083
linux.testing.test_dsession,TestDSession,test_exit_on_first_failing,PASSED,229,11,25,13.3493449781659389
linux.testing.test_dsession,TestDSession,test_filteritems,PASSED,229,22,43,25.1222707423580786
linux.testing.test_dsession,TestDSession,test_internalerror,PASSED,229,13,80,24.4978165938864629
linux.testing.test_dsession,TestDSession,test_keyboardinterrupt,PASSED,229,9,24,11.6593886462882096
linux.testing.test_dsession,TestDSession,test_maxfail,PASSED,229,12,25,13.6855895196506550
linux.testing.test_dsession,TestDSession,test_no_node_remaining_for_tests,PASSED,229,10,22,11.8209606986899563
linux.testing.test_dsession,TestDSession,test_nopending_but_collection_remains,PASSED,229,12,49,14.0087336244541485
linux.testing.test_dsession,TestDSession,test_removeitem_from_failing_teardown,PASSED,229,21,166,24.8209606986899563
linux.testing.test_dsession,TestDSession,test_rescheduleevent,PASSED,229,10,23,12.2401746724890830
linux.testing.test_dsession,TestDSession,test_rsync_printing,PASSED,229,10,23,12.9737991266375546
linux.testing.test_dsession,TestDSession,test_senditems_each_and_receive_with_two_nodes,PASSED,229,9,30,11.6375545851528384
linux.testing.test_dsession,TestDSession,test_senditems_load,PASSED,229,9,21,11.4803493449781659
linux.testing.test_dsession,TestDSession,test_senditems_load_and_receive_one_node,PASSED,229,9,20,11.3580786026200873
linux.testing.test_dsession,TestDSession,test_shuttingdown_filters,PASSED,229,22,41,24.7161572052401747
linux.testing.test_dsession,TestDSession,test_testnodedown_shutdown_after_completion,PASSED,229,12,33,13.5152838427947598
linux.testing.test_dsession,TestDSession,test_testnodeready_adds_to_available,PASSED,229,10,38,12.1266375545851528
linux.testing.test_dsession,TestDSession,test_triggertesting_collect,PASSED,229,20,41,23.7947598253275109
linux.testing.test_gwmanage,TestGatewayManagerPopen,test_default_chdir,PASSED,229,0,0,0.00000000000000000000
linux.testing.test_gwmanage,TestGatewayManagerPopen,test_popen_makegateway_events,PASSED,229,26,271,62.5502183406113537
linux.testing.test_gwmanage,TestGatewayManagerPopen,test_popen_no_default_chdir,PASSED,229,0,2,0.00873362445414847162
linux.testing.test_gwmanage,TestGatewayManagerPopen,test_popens_rsync,PASSED,229,26,241,60.4061135371179039
linux.testing.test_gwmanage,TestGatewayManagerPopen,test_rsync_popen_with_path,PASSED,229,18,359,40.1266375545851528
linux.testing.test_gwmanage,TestGatewayManagerPopen,test_rsync_same_popen_twice,PASSED,229,27,521,59.0960698689956332
linux.testing.test_gwmanage,TestHRSync,test_hrsync_filter,PASSED,229,1,2531,12.3711790393013100
linux.testing.test_gwmanage,TestHRSync,test_hrsync_one_host,PASSED,229,15,129,30.6288209606986900
linux.testing.test_mypickle,TestPickleChannelFunctional,test_popen_send_instance,PASSED,229,4,108,13.0655021834061135
linux.testing.test_mypickle,TestPickleChannelFunctional,test_popen_with_callback,PASSED,229,1,32,1.9257641921397380
linux.testing.test_mypickle,TestPickleChannelFunctional,test_popen_with_callback_with_endmarker,PASSED,229,2,55,3.0174672489082969
linux.testing.test_mypickle,TestPickleChannelFunctional,test_popen_with_callback_with_endmarker_and_unpickling_error,PASSED,229,8,52,14.1834061135371179
linux.testing.test_mypickle,TestPickleChannelFunctional,test_popen_with_various_methods,PASSED,229,1,67,2.7816593886462882
linux.testing.test_mypickle,TestPickleChannelFunctional,test_send_concurrent,PASSED,229,2,105,5.9432314410480349
linux.testing.test_nodemanage,TestNodeManager,test_init_rsync_roots,PASSED,229,70,224,103.8253275109170306
linux.testing.test_nodemanage,TestNodeManager,test_optimise_popen,PASSED,229,53,1355,111.5109170305676856
linux.testing.test_nodemanage,TestNodeManager,test_popen_rsync_subdir,PASSED,229,158,3211,235.5327510917030568
linux.testing.test_nodemanage,TestNodeManager,test_rsync_roots_no_roots,SKIPPED,229,0,34,0.16157205240174672489
linux.testing.test_nodemanage,TestNodeManager,test_rsyncignore,PASSED,229,76,279,109.3842794759825328
linux.testing.test_nodemanage,TestNodeManager,test_setup_DEBUG,PASSED,229,76,10086,283.0000000000000000
linux.testing.test_nodemanage,TestNodeManager,test_ssh_setup_nodes,SKIPPED,229,0,0,0.00000000000000000000
linux.testing.test_pickling,TestImmutablePickling,test_pickle_config,PASSED,229,20,52,26.3493449781659389
linux.testing.test_pickling,TestImmutablePickling,test_pickle_func,PASSED,229,22,82,28.8602620087336245
linux.testing.test_pickling,TestImmutablePickling,test_pickle_modcol,PASSED,229,20,63,26.7467248908296943
linux.testing.test_plugin,TestDistOptions,test_getrsyncdirs,PASSED,229,12,27,14.7860262008733624
linux.testing.test_plugin,TestDistOptions,test_getrsyncdirs_with_conftest,PASSED,229,13,30,16.9956331877729258
linux.testing.test_plugin,TestDistOptions,test_getxspecs,PASSED,229,11,39,14.6026200873362445
linux.testing.test_plugin,TestDistOptions,test_xspecs_multiplied,PASSED,229,11,40,14.3930131004366812
linux.testing.test_remote,TestLooponFailing,test_looponfail_from_fail_to_ok,PASSED,229,243,4349,381.2882096069868996
linux.testing.test_remote,TestLooponFailing,test_looponfail_from_one_to_two_tests,PASSED,229,370,6378,576.8777292576419214
linux.testing.test_remote,TestLooponFailing,test_looponfail_functional_fail_to_ok,FIXED,1,2472,2472,2472.0000000000000000
linux.testing.test_remote,TestLooponFailing,test_looponfail_functional_fail_to_ok,PASSED,40,441,2501,840.9000000000000000
linux.testing.test_remote,TestLooponFailing,test_looponfail_functional_fail_to_ok,SKIPPED,188,0,3036,17.7765957446808511
linux.testing.test_remote,TestLooponFailing,test_looponfail_removed_test,PASSED,229,377,993,534.8689956331877729
linux.testing.test_remote,TestLooponFailing,test_looponfail_xfail_passes,FIXED,1,362,362,362.0000000000000000
linux.testing.test_remote,TestLooponFailing,test_looponfail_xfail_passes,PASSED,40,287,365,311.0750000000000000
linux.testing.test_remote,TestLooponFailing,test_looponfail_xfail_passes,SKIPPED,188,0,2,0.45744680851063829787
linux.testing.test_remote,TestRemoteControl,test_failure_change,PASSED,229,301,2160,528.6200873362445415
linux.testing.test_remote,TestRemoteControl,test_failures_somewhere,PASSED,229,230,547,339.1528384279475983
linux.testing.test_remote,TestRemoteControl,test_nofailures,PASSED,229,111,1316,172.6462882096069869
linux.testing.test_txnode,TestMasterSlaveConnection,test_crash_invalid_item,PASSED,229,109,525,191.7947598253275109
linux.testing.test_txnode,TestMasterSlaveConnection,test_crash_killed,PASSED,229,109,454,172.2489082969432314
linux.testing.test_txnode,TestMasterSlaveConnection,test_node_down,PASSED,229,123,351,178.1484716157205240
linux.testing.test_txnode,TestMasterSlaveConnection,test_send_on_closed_channel,PASSED,229,34,144,51.5283842794759825
linux.testing.test_txnode,TestMasterSlaveConnection,test_send_one,PASSED,229,110,306,178.6113537117903930
linux.testing.test_txnode,TestMasterSlaveConnection,test_send_one_with_env,PASSED,192,118,5647,193.4687500000000000
linux.testing.test_txnode,TestMasterSlaveConnection,test_send_some,PASSED,229,139,3672,240.1484716157205240
pytest,pytest,internal,FAILED,4,0,0,0.00000000000000000000
test_boxed,est_boxed.TestOptionEffects,test_boxed_option_default,PASSED,276,0,0,0.00000000000000000000
test_boxed,est_boxed.TestOptionEffects,test_is_not_boxed_by_default,PASSED,276,0,0,0.00000000000000000000
test_boxed,test_boxed,test_functional_boxed,PASSED,155,0,0,0.00000000000000000000
test_boxed,test_boxed,test_functional_boxed,SKIPPED,121,0,0,0.00000000000000000000
test_dsession,est_dsession.TestDistReporter,test_rsync_printing,SKIPPED,262,0,0,0.00000000000000000000
test_dsession,est_dsession.TestEachScheduling,test_schedule_load_simple,PASSED,262,0,0,0.00000000000000000000
test_dsession,est_dsession.TestEachScheduling,test_schedule_remove_node,PASSED,262,0,0,0.00000000000000000000
test_dsession,est_dsession.TestLoadScheduling,test_add_remove_node,PASSED,262,0,0,0.00000000000000000000
test_dsession,est_dsession.TestLoadScheduling,test_init_distribute_chunksize,PASSED,262,0,0,0.00000000000000000000
test_dsession,est_dsession.TestLoadScheduling,test_schedule_load_simple,PASSED,262,0,0,0.00000000000000000000
test_looponfail,est_looponfail.TestFunctional,test_fail_to_ok,PASSED,31,0,0,0.00000000000000000000
test_looponfail,est_looponfail.TestFunctional,test_fail_to_ok,SKIPPED,245,0,0,0.00000000000000000000
test_looponfail,est_looponfail.TestFunctional,test_xfail_passes,PASSED,31,0,0,0.00000000000000000000
test_looponfail,est_looponfail.TestFunctional,test_xfail_passes,SKIPPED,245,0,0,0.00000000000000000000
test_looponfail,est_looponfail.TestLooponFailing,test_looponfail_from_fail_to_ok,PASSED,276,0,0,0.00000000000000000000
test_looponfail,est_looponfail.TestLooponFailing,test_looponfail_from_one_to_two_tests,PASSED,276,0,0,0.00000000000000000000
test_looponfail,est_looponfail.TestLooponFailing,test_looponfail_removed_test,PASSED,276,0,0,0.00000000000000000000
test_looponfail,est_looponfail.TestRemoteControl,test_failure_change,PASSED,276,0,0,0.00000000000000000000
test_looponfail,est_looponfail.TestRemoteControl,test_failure_subdir_no_init,PASSED,276,0,0,0.00000000000000000000
test_looponfail,est_looponfail.TestRemoteControl,test_failures_somewhere,PASSED,276,0,0,0.00000000000000000000
test_looponfail,est_looponfail.TestRemoteControl,test_nofailures,PASSED,276,0,0,0.00000000000000000000
test_looponfail,est_looponfail.TestStatRecorder,test_filechange,FAILED,4,0,0,0.00000000000000000000
test_looponfail,est_looponfail.TestStatRecorder,test_filechange,FIXED,4,0,0,0.00000000000000000000
test_looponfail,est_looponfail.TestStatRecorder,test_filechange,PASSED,268,0,0,0.00000000000000000000
test_looponfail,est_looponfail.TestStatRecorder,test_pycremoval,PASSED,276,0,0,0.00000000000000000000
test_looponfail,est_looponfail.TestStatRecorder,test_waitonchange,PASSED,276,0,0,0.00000000000000000000
test_plugin,est_plugin.TestDistOptions,test_getrsyncdirs,FIXED,9,0,0,0.00000000000000000000
test_plugin,est_plugin.TestDistOptions,test_getrsyncdirs,PASSED,258,0,0,0.00000000000000000000
test_plugin,est_plugin.TestDistOptions,test_getrsyncdirs,REGRESSION,9,0,0,0.00000000000000000000
test_plugin,est_plugin.TestDistOptions,test_getrsyncdirs_with_conftest,FIXED,9,0,0,0.00000000000000000000
test_plugin,est_plugin.TestDistOptions,test_getrsyncdirs_with_conftest,PASSED,258,0,0,0.00000000000000000000
test_plugin,est_plugin.TestDistOptions,test_getrsyncdirs_with_conftest,REGRESSION,9,0,0,0.00000000000000000000
test_plugin,est_plugin.TestDistOptions,test_getxspecs,FIXED,9,0,0,0.00000000000000000000
test_plugin,est_plugin.TestDistOptions,test_getxspecs,PASSED,258,0,0,0.00000000000000000000
test_plugin,est_plugin.TestDistOptions,test_getxspecs,REGRESSION,9,0,0,0.00000000000000000000
test_plugin,est_plugin.TestDistOptions,test_xspecs_multiplied,FIXED,9,0,0,0.00000000000000000000
test_plugin,est_plugin.TestDistOptions,test_xspecs_multiplied,PASSED,258,0,0,0.00000000000000000000
test_plugin,est_plugin.TestDistOptions,test_xspecs_multiplied,REGRESSION,9,0,0,0.00000000000000000000
test_plugin,test_plugin,test_dist_incompatibility_messages,PASSED,276,0,0,0.00000000000000000000
test_plugin,test_plugin,test_dist_options,PASSED,276,0,0,0.00000000000000000000
test_remote,est_remote.TestReportSerialization,test_collectreport_fail,PASSED,276,0,0,0.00000000000000000000
test_remote,est_remote.TestReportSerialization,test_collectreport_passed,PASSED,276,0,0,0.00000000000000000000
test_remote,est_remote.TestReportSerialization,test_itemreport_outcomes,PASSED,276,0,0,0.00000000000000000000
test_remote,est_remote.TestSlaveInteractor,test_basic_collect_and_runtests,FIXED,5,0,0,0.00000000000000000000
test_remote,est_remote.TestSlaveInteractor,test_basic_collect_and_runtests,PASSED,270,0,0,0.00000000000000000000
test_remote,est_remote.TestSlaveInteractor,test_basic_collect_and_runtests,REGRESSION,1,0,0,0.00000000000000000000
test_remote,est_remote.TestSlaveInteractor,test_happy_run_events_converted,SKIPPED,276,0,0,0.00000000000000000000
test_remote,est_remote.TestSlaveInteractor,test_remote_collect_fail,FIXED,5,0,0,0.00000000000000000000
test_remote,est_remote.TestSlaveInteractor,test_remote_collect_fail,PASSED,270,0,0,0.00000000000000000000
test_remote,est_remote.TestSlaveInteractor,test_remote_collect_fail,REGRESSION,1,0,0,0.00000000000000000000
test_remote,est_remote.TestSlaveInteractor,test_remote_collect_skip,FIXED,6,0,0,0.00000000000000000000
test_remote,est_remote.TestSlaveInteractor,test_remote_collect_skip,PASSED,268,0,0,0.00000000000000000000
test_remote,est_remote.TestSlaveInteractor,test_remote_collect_skip,REGRESSION,2,0,0,0.00000000000000000000
test_remote,est_remote.TestSlaveInteractor,test_runtests_all,FIXED,5,0,0,0.00000000000000000000
test_remote,est_remote.TestSlaveInteractor,test_runtests_all,PASSED,270,0,0,0.00000000000000000000
test_remote,est_remote.TestSlaveInteractor,test_runtests_all,REGRESSION,1,0,0,0.00000000000000000000
test_remote,test_remote,test_remoteinitconfig,FAILED,4,0,0,0.00000000000000000000
test_remote,test_remote,test_remoteinitconfig,FIXED,9,0,0,0.00000000000000000000
test_remote,test_remote,test_remoteinitconfig,PASSED,254,0,0,0.00000000000000000000
test_remote,test_remote,test_remoteinitconfig,REGRESSION,9,0,0,0.00000000000000000000
test_slavemanage,est_slavemanage.TestGatewayManagerPopen,test_default_chdir,PASSED,93,0,0,0.00000000000000000000
test_slavemanage,est_slavemanage.TestGatewayManagerPopen,test_popen_makegateway_events,PASSED,93,0,0,0.00000000000000000000
test_slavemanage,est_slavemanage.TestGatewayManagerPopen,test_popen_no_default_chdir,PASSED,93,0,0,0.00000000000000000000
test_slavemanage,est_slavemanage.TestGatewayManagerPopen,test_popens_rsync,PASSED,93,0,0,0.00000000000000000000
test_slavemanage,est_slavemanage.TestGatewayManagerPopen,test_rsync_popen_with_path,PASSED,93,0,0,0.00000000000000000000
test_slavemanage,est_slavemanage.TestGatewayManagerPopen,test_rsync_same_popen_twice,PASSED,93,0,0,0.00000000000000000000
test_slavemanage,est_slavemanage.TestHRSync,test_hrsync_filter,PASSED,276,0,0,0.00000000000000000000
test_slavemanage,est_slavemanage.TestHRSync,test_hrsync_one_host,PASSED,276,0,0,0.00000000000000000000
test_slavemanage,est_slavemanage.TestNodeManager,test_init_rsync_roots,FIXED,9,0,0,0.00000000000000000000
test_slavemanage,est_slavemanage.TestNodeManager,test_init_rsync_roots,PASSED,258,0,0,0.00000000000000000000
test_slavemanage,est_slavemanage.TestNodeManager,test_init_rsync_roots,REGRESSION,9,0,0,0.00000000000000000000
test_slavemanage,est_slavemanage.TestNodeManager,test_optimise_popen,FIXED,9,0,0,0.00000000000000000000
test_slavemanage,est_slavemanage.TestNodeManager,test_optimise_popen,PASSED,258,0,0,0.00000000000000000000
test_slavemanage,est_slavemanage.TestNodeManager,test_optimise_popen,REGRESSION,9,0,0,0.00000000000000000000
test_slavemanage,est_slavemanage.TestNodeManager,test_popen_rsync_subdir,FAILED,4,0,0,0.00000000000000000000
test_slavemanage,est_slavemanage.TestNodeManager,test_popen_rsync_subdir,FIXED,13,0,0,0.00000000000000000000
test_slavemanage,est_slavemanage.TestNodeManager,test_popen_rsync_subdir,PASSED,250,0,0,0.00000000000000000000
test_slavemanage,est_slavemanage.TestNodeManager,test_popen_rsync_subdir,REGRESSION,9,0,0,0.00000000000000000000
test_slavemanage,est_slavemanage.TestNodeManager,test_rsync_roots_no_roots,SKIPPED,276,0,0,0.00000000000000000000
test_slavemanage,est_slavemanage.TestNodeManager,test_rsyncignore,FIXED,9,0,0,0.00000000000000000000
test_slavemanage,est_slavemanage.TestNodeManager,test_rsyncignore,PASSED,258,0,0,0.00000000000000000000
test_slavemanage,est_slavemanage.TestNodeManager,test_rsyncignore,REGRESSION,9,0,0,0.00000000000000000000
test_slavemanage,est_slavemanage.TestNodeManager,test_setup_DEBUG,PASSED,93,0,0,0.00000000000000000000
test_slavemanage,est_slavemanage.TestNodeManager,test_ssh_setup_nodes,SKIPPED,276,0,0,0.00000000000000000000
test_slavemanage,est_slavemanage.TestNodeManagerPopen,test_default_chdir,FIXED,9,0,0,0.00000000000000000000
test_slavemanage,est_slavemanage.TestNodeManagerPopen,test_default_chdir,PASSED,165,0,0,0.00000000000000000000
test_slavemanage,est_slavemanage.TestNodeManagerPopen,test_default_chdir,REGRESSION,9,0,0,0.00000000000000000000
test_slavemanage,est_slavemanage.TestNodeManagerPopen,test_popen_makegateway_events,FIXED,9,0,0,0.00000000000000000000
test_slavemanage,est_slavemanage.TestNodeManagerPopen,test_popen_makegateway_events,PASSED,165,0,0,0.00000000000000000000
test_slavemanage,est_slavemanage.TestNodeManagerPopen,test_popen_makegateway_events,REGRESSION,9,0,0,0.00000000000000000000
test_slavemanage,est_slavemanage.TestNodeManagerPopen,test_popen_no_default_chdir,FIXED,9,0,0,0.00000000000000000000
test_slavemanage,est_slavemanage.TestNodeManagerPopen,test_popen_no_default_chdir,PASSED,165,0,0,0.00000000000000000000
test_slavemanage,est_slavemanage.TestNodeManagerPopen,test_popen_no_default_chdir,REGRESSION,9,0,0,0.00000000000000000000
test_slavemanage,est_slavemanage.TestNodeManagerPopen,test_popens_rsync,FIXED,9,0,0,0.00000000000000000000
test_slavemanage,est_slavemanage.TestNodeManagerPopen,test_popens_rsync,PASSED,165,0,0,0.00000000000000000000
test_slavemanage,est_slavemanage.TestNodeManagerPopen,test_popens_rsync,REGRESSION,9,0,0,0.00000000000000000000
test_slavemanage,est_slavemanage.TestNodeManagerPopen,test_rsync_popen_with_path,FIXED,9,0,0,0.00000000000000000000
test_slavemanage,est_slavemanage.TestNodeManagerPopen,test_rsync_popen_with_path,PASSED,165,0,0,0.00000000000000000000
test_slavemanage,est_slavemanage.TestNodeManagerPopen,test_rsync_popen_with_path,REGRESSION,9,0,0,0.00000000000000000000
test_slavemanage,est_slavemanage.TestNodeManagerPopen,test_rsync_same_popen_twice,FIXED,9,0,0,0.00000000000000000000
test_slavemanage,est_slavemanage.TestNodeManagerPopen,test_rsync_same_popen_twice,PASSED,165,0,0,0.00000000000000000000
test_slavemanage,est_slavemanage.TestNodeManagerPopen,test_rsync_same_popen_twice,REGRESSION,9,0,0,0.00000000000000000000
testing,esting.acceptance_test,test_crashing_item,FAILED,36,116,22987,6168.3611111111111111
testing,esting.acceptance_test,test_crashing_item,FIXED,9,268,23133,6928.1111111111111111
testing,esting.acceptance_test,test_crashing_item,PASSED,235,271,20473,4851.4170212765957447
testing,esting.acceptance_test,test_crashing_item,REGRESSION,17,102,18447,3667.4705882352941176
testing,esting.acceptance_test,test_funcarg_teardown_failure,PASSED,297,100,10585,1971.2929292929292929
testing,esting.acceptance_test,test_session_hooks,FAILED,36,114,18972,5697.7500000000000000
testing,esting.acceptance_test,test_session_hooks,FIXED,9,262,22536,6374.6666666666666667
testing,esting.acceptance_test,test_session_hooks,PASSED,235,254,15198,4038.7829787234042553
testing,esting.acceptance_test,test_session_hooks,REGRESSION,17,108,16216,3237.8235294117647059
testing,esting.acceptance_test,test_teardownfails_one_function,FAILED,36,118,20969,5498.7500000000000000
testing,esting.acceptance_test,test_teardownfails_one_function,FIXED,9,313,22552,6274.4444444444444444
testing,esting.acceptance_test,test_teardownfails_one_function,PASSED,235,247,16419,4185.4255319148936170
testing,esting.acceptance_test,test_teardownfails_one_function,REGRESSION,17,114,14484,3097.7058823529411765
testing,esting.acceptance_test,test_terminate_on_hangingnode,SKIPPED,297,104,21584,4140.8787878787878788
testing,esting.test_boxed,test_functional_boxed,PASSED,165,96,461,141.0787878787878788
testing,esting.test_boxed,test_functional_boxed,SKIPPED,132,0,0,0.00000000000000000000
testing,esting.test_deprecated,test_dist_conftest_options,PASSED,63,252,12330,3801.3492063492063492
testing,esting.test_deprecated,test_dist_conftest_options,SKIPPED,18,300,11300,4277.6111111111111111
testing,esting.test_plugin,test_dist_incompatibility_messages,PASSED,297,217,20142,4879.2188552188552189
testing,esting.test_plugin,test_dist_options,PASSED,297,18,4072,634.7474747474747475
testing,esting.test_remote,test_remoteinitconfig,FAILED,27,13,2810,1029.1851851851851852
testing,esting.test_remote,test_remoteinitconfig,PASSED,255,14,4539,578.4588235294117647
testing,esting.test_remote,test_remoteinitconfig,REGRESSION,8,13,1884,667.5000000000000000
testing,testing,test_remote,FAILED,7,0,0,0.00000000000000000000
testing.acceptance_test,esting.acceptance_test.TestDistEach,test_simple,FAILED,36,129,30096,6474.1111111111111111
testing.acceptance_test,esting.acceptance_test.TestDistEach,test_simple,FIXED,9,283,28753,7668.3333333333333333
testing.acceptance_test,esting.acceptance_test.TestDistEach,test_simple,PASSED,235,241,16436,4868.9319148936170213
testing.acceptance_test,esting.acceptance_test.TestDistEach,test_simple,REGRESSION,17,101,16250,3556.7647058823529412
testing.acceptance_test,esting.acceptance_test.TestDistEach,test_simple_diffoutput,PASSED,45,382,1012,564.7777777777777778
testing.acceptance_test,esting.acceptance_test.TestDistEach,test_simple_diffoutput,SKIPPED,252,0,19,0.98412698412698412698
testing.acceptance_test,esting.acceptance_test.TestDistribution,test_basetemp_in_subprocesses,FAILED,36,116,16260,5116.6111111111111111
testing.acceptance_test,esting.acceptance_test.TestDistribution,test_basetemp_in_subprocesses,FIXED,9,328,20576,6583.2222222222222222
testing.acceptance_test,esting.acceptance_test.TestDistribution,test_basetemp_in_subprocesses,PASSED,235,240,13693,4081.5872340425531915
testing.acceptance_test,esting.acceptance_test.TestDistribution,test_basetemp_in_subprocesses,REGRESSION,17,99,16195,3788.8235294117647059
testing.acceptance_test,esting.acceptance_test.TestDistribution,test_data_exchange,FAILED,36,126,30372,5702.2777777777777778
testing.acceptance_test,esting.acceptance_test.TestDistribution,test_data_exchange,FIXED,9,271,18787,6131.7777777777777778
testing.acceptance_test,esting.acceptance_test.TestDistribution,test_data_exchange,PASSED,235,245,13794,4168.8085106382978723
testing.acceptance_test,esting.acceptance_test.TestDistribution,test_data_exchange,REGRESSION,17,107,14637,3350.5294117647058824
testing.acceptance_test,esting.acceptance_test.TestDistribution,test_dist_conftest_specified,FAILED,9,128,6271,2319.2222222222222222
testing.acceptance_test,esting.acceptance_test.TestDistribution,test_dist_conftest_specified,PASSED,225,362,19771,6098.0400000000000000
testing.acceptance_test,esting.acceptance_test.TestDistribution,test_dist_conftest_specified,REGRESSION,9,108,5411,1885.6666666666666667
testing.acceptance_test,esting.acceptance_test.TestDistribution,test_dist_ini_specified,FAILED,27,227,20962,8180.7407407407407407
testing.acceptance_test,esting.acceptance_test.TestDistribution,test_dist_ini_specified,PASSED,19,383,27884,5654.7368421052631579
testing.acceptance_test,esting.acceptance_test.TestDistribution,test_dist_ini_specified,REGRESSION,8,251,23947,7743.0000000000000000
testing.acceptance_test,esting.acceptance_test.TestDistribution,test_dist_tests_with_crash,FAILED,21,112,13554,2213.8095238095238095
testing.acceptance_test,esting.acceptance_test.TestDistribution,test_dist_tests_with_crash,FIXED,6,832,15943,3454.1666666666666667
testing.acceptance_test,esting.acceptance_test.TestDistribution,test_dist_tests_with_crash,PASSED,160,775,14303,2240.0625000000000000
testing.acceptance_test,esting.acceptance_test.TestDistribution,test_dist_tests_with_crash,REGRESSION,11,105,14260,1843.1818181818181818
testing.acceptance_test,esting.acceptance_test.TestDistribution,test_dist_tests_with_crash,SKIPPED,99,0,1,0.02020202020202020202
testing.acceptance_test,esting.acceptance_test.TestDistribution,test_distribution_rsyncdirs_example,FAILED,36,120,20678,5496.1666666666666667
testing.acceptance_test,esting.acceptance_test.TestDistribution,test_distribution_rsyncdirs_example,FIXED,9,233,20748,6260.4444444444444444
testing.acceptance_test,esting.acceptance_test.TestDistribution,test_distribution_rsyncdirs_example,PASSED,235,267,14428,4307.7276595744680851
testing.acceptance_test,esting.acceptance_test.TestDistribution,test_distribution_rsyncdirs_example,REGRESSION,17,105,17168,3563.3529411764705882
testing.acceptance_test,esting.acceptance_test.TestDistribution,test_keyboard_interrupt_dist,FAILED,1,1192,1192,1192.0000000000000000
testing.acceptance_test,esting.acceptance_test.TestDistribution,test_keyboard_interrupt_dist,FIXED,2,321,377,349.0000000000000000
testing.acceptance_test,esting.acceptance_test.TestDistribution,test_keyboard_interrupt_dist,PASSED,27,272,743,363.1481481481481481
testing.acceptance_test,esting.acceptance_test.TestDistribution,test_keyboard_interrupt_dist,REGRESSION,1,362,362,362.0000000000000000
testing.acceptance_test,esting.acceptance_test.TestDistribution,test_keyboard_interrupt_dist,SKIPPED,266,0,611,30.1127819548872180
testing.acceptance_test,esting.acceptance_test.TestDistribution,test_keyboardinterrupt_hooks_issue79,FAILED,36,110,20160,5523.3333333333333333
testing.acceptance_test,esting.acceptance_test.TestDistribution,test_keyboardinterrupt_hooks_issue79,FIXED,9,332,22802,6812.2222222222222222
testing.acceptance_test,esting.acceptance_test.TestDistribution,test_keyboardinterrupt_hooks_issue79,PASSED,235,254,14321,4276.1829787234042553
testing.acceptance_test,esting.acceptance_test.TestDistribution,test_keyboardinterrupt_hooks_issue79,REGRESSION,17,113,14636,3389.9411764705882353
testing.acceptance_test,esting.acceptance_test.TestDistribution,test_manytests_to_one_popen,FAILED,36,120,28840,6817.7777777777777778
testing.acceptance_test,esting.acceptance_test.TestDistribution,test_manytests_to_one_popen,FIXED,9,302,27465,8096.0000000000000000
testing.acceptance_test,esting.acceptance_test.TestDistribution,test_manytests_to_one_popen,PASSED,235,253,17137,4944.1148936170212766
testing.acceptance_test,esting.acceptance_test.TestDistribution,test_manytests_to_one_popen,REGRESSION,17,103,21531,4172.5882352941176471
testing.acceptance_test,esting.acceptance_test.TestDistribution,test_n1_fail,FAILED,36,133,16987,5443.3055555555555556
testing.acceptance_test,esting.acceptance_test.TestDistribution,test_n1_fail,FIXED,9,303,20079,6395.2222222222222222
testing.acceptance_test,esting.acceptance_test.TestDistribution,test_n1_fail,PASSED,235,258,15372,4056.2382978723404255
testing.acceptance_test,esting.acceptance_test.TestDistribution,test_n1_fail,REGRESSION,17,101,15901,3724.6470588235294118
testing.acceptance_test,esting.acceptance_test.TestDistribution,test_n1_fail_minus_x,FAILED,36,110,23182,5598.8055555555555556
testing.acceptance_test,esting.acceptance_test.TestDistribution,test_n1_fail_minus_x,FIXED,9,307,21606,6539.7777777777777778
testing.acceptance_test,esting.acceptance_test.TestDistribution,test_n1_fail_minus_x,PASSED,235,-772947,14464,1052.8680851063829787
testing.acceptance_test,esting.acceptance_test.TestDistribution,test_n1_fail_minus_x,REGRESSION,17,99,16696,3599.5294117647058824
testing.acceptance_test,esting.acceptance_test.TestDistribution,test_n1_pass,FAILED,36,113,16482,5494.6666666666666667
testing.acceptance_test,esting.acceptance_test.TestDistribution,test_n1_pass,FIXED,9,231,19777,6142.8888888888888889
testing.acceptance_test,esting.acceptance_test.TestDistribution,test_n1_pass,PASSED,235,236,15112,4071.8510638297872340
testing.acceptance_test,esting.acceptance_test.TestDistribution,test_n1_pass,REGRESSION,17,104,13971,3746.3529411764705882
testing.acceptance_test,esting.acceptance_test.TestDistribution,test_n1_skip,FAILED,36,105,27548,5852.2500000000000000
testing.acceptance_test,esting.acceptance_test.TestDistribution,test_n1_skip,FIXED,9,307,19259,6303.2222222222222222
testing.acceptance_test,esting.acceptance_test.TestDistribution,test_n1_skip,PASSED,235,246,15519,4100.9191489361702128
testing.acceptance_test,esting.acceptance_test.TestDistribution,test_n1_skip,REGRESSION,17,98,16730,3554.5294117647058824
testing.acceptance_test,esting.acceptance_test.TestTerminalReporting,test_fail_platinfo,FAILED,36,113,16764,5391.2777777777777778
testing.acceptance_test,esting.acceptance_test.TestTerminalReporting,test_fail_platinfo,FIXED,9,314,21601,6265.2222222222222222
testing.acceptance_test,esting.acceptance_test.TestTerminalReporting,test_fail_platinfo,PASSED,235,252,19546,4175.4638297872340426
testing.acceptance_test,esting.acceptance_test.TestTerminalReporting,test_fail_platinfo,REGRESSION,17,103,12750,3292.4117647058823529
testing.acceptance_test,esting.acceptance_test.TestTerminalReporting,test_pass_skip_fail,FAILED,36,131,21670,5472.1388888888888889
testing.acceptance_test,esting.acceptance_test.TestTerminalReporting,test_pass_skip_fail,FIXED,9,310,20295,6147.8888888888888889
testing.acceptance_test,esting.acceptance_test.TestTerminalReporting,test_pass_skip_fail,PASSED,235,259,16948,4167.7446808510638298
testing.acceptance_test,esting.acceptance_test.TestTerminalReporting,test_pass_skip_fail,REGRESSION,17,98,15889,3340.6470588235294118
testing.test_boxed,esting.test_boxed.TestOptionEffects,test_boxed_option_default,PASSED,297,15,3178,585.7676767676767677
testing.test_boxed,esting.test_boxed.TestOptionEffects,test_is_not_boxed_by_default,PASSED,297,7,1553,301.2693602693602694
testing.test_dsession,esting.test_dsession.TestDistReporter,test_rsync_printing,SKIPPED,297,7,1644,299.8653198653198653
testing.test_dsession,esting.test_dsession.TestEachScheduling,test_schedule_load_simple,PASSED,297,0,707,123.9360269360269360
testing.test_dsession,esting.test_dsession.TestEachScheduling,test_schedule_remove_node,PASSED,297,0,13,0.05050505050505050505
testing.test_dsession,esting.test_dsession.TestLoadScheduling,test_add_remove_node,PASSED,297,0,31,0.10437710437710437710
testing.test_dsession,esting.test_dsession.TestLoadScheduling,test_init_distribute_chunksize,PASSED,297,0,11,0.06060606060606060606
testing.test_dsession,esting.test_dsession.TestLoadScheduling,test_schedule_load_simple,PASSED,297,0,1,0.00336700336700336700
testing.test_looponfail,esting.test_looponfail.TestFunctional,test_fail_to_ok,FIXED,2,2428,2455,2441.5000000000000000
testing.test_looponfail,esting.test_looponfail.TestFunctional,test_fail_to_ok,PASSED,28,2434,3518,2551.3928571428571429
testing.test_looponfail,esting.test_looponfail.TestFunctional,test_fail_to_ok,REGRESSION,1,207,207,207.0000000000000000
testing.test_looponfail,esting.test_looponfail.TestFunctional,test_fail_to_ok,SKIPPED,266,0,1294,26.2180451127819549
testing.test_looponfail,esting.test_looponfail.TestFunctional,test_xfail_passes,FIXED,2,327,333,330.0000000000000000
testing.test_looponfail,esting.test_looponfail.TestFunctional,test_xfail_passes,PASSED,28,284,507,342.9285714285714286
testing.test_looponfail,esting.test_looponfail.TestFunctional,test_xfail_passes,REGRESSION,1,207,207,207.0000000000000000
testing.test_looponfail,esting.test_looponfail.TestFunctional,test_xfail_passes,SKIPPED,266,0,221,21.0601503759398496
testing.test_looponfail,esting.test_looponfail.TestLooponFailing,test_looponfail_from_fail_to_ok,FIXED,9,261,21832,6416.3333333333333333
testing.test_looponfail,esting.test_looponfail.TestLooponFailing,test_looponfail_from_fail_to_ok,PASSED,279,-56575,18999,3883.5663082437275986
testing.test_looponfail,esting.test_looponfail.TestLooponFailing,test_looponfail_from_fail_to_ok,REGRESSION,9,94,7635,2695.5555555555555556
testing.test_looponfail,esting.test_looponfail.TestLooponFailing,test_looponfail_from_one_to_two_tests,FIXED,9,401,34269,9284.2222222222222222
testing.test_looponfail,esting.test_looponfail.TestLooponFailing,test_looponfail_from_one_to_two_tests,PASSED,279,363,27595,6020.8494623655913978
testing.test_looponfail,esting.test_looponfail.TestLooponFailing,test_looponfail_from_one_to_two_tests,REGRESSION,9,101,7014,2669.8888888888888889
testing.test_looponfail,esting.test_looponfail.TestLooponFailing,test_looponfail_removed_test,FIXED,9,468,31914,8931.2222222222222222
testing.test_looponfail,esting.test_looponfail.TestLooponFailing,test_looponfail_removed_test,PASSED,279,383,28900,6214.0358422939068100
testing.test_looponfail,esting.test_looponfail.TestLooponFailing,test_looponfail_removed_test,REGRESSION,9,101,22302,4035.5555555555555556
testing.test_looponfail,esting.test_looponfail.TestRemoteControl,test_failure_change,FIXED,9,417,19496,7401.8888888888888889
testing.test_looponfail,esting.test_looponfail.TestRemoteControl,test_failure_change,PASSED,279,306,28142,6185.6523297491039427
testing.test_looponfail,esting.test_looponfail.TestRemoteControl,test_failure_change,REGRESSION,9,88,6691,2589.0000000000000000
testing.test_looponfail,esting.test_looponfail.TestRemoteControl,test_failure_subdir_no_init,FIXED,18,282,17730,4979.4444444444444444
testing.test_looponfail,esting.test_looponfail.TestRemoteControl,test_failure_subdir_no_init,PASSED,261,230,22803,4287.4367816091954023
testing.test_looponfail,esting.test_looponfail.TestRemoteControl,test_failure_subdir_no_init,REGRESSION,18,95,11423,3344.8333333333333333
testing.test_looponfail,esting.test_looponfail.TestRemoteControl,test_failures_somewhere,FIXED,9,278,17390,5432.3333333333333333
testing.test_looponfail,esting.test_looponfail.TestRemoteControl,test_failures_somewhere,PASSED,279,213,23788,4012.8960573476702509
testing.test_looponfail,esting.test_looponfail.TestRemoteControl,test_failures_somewhere,REGRESSION,9,102,7812,2786.5555555555555556
testing.test_looponfail,esting.test_looponfail.TestRemoteControl,test_nofailures,FIXED,9,118,10051,3058.6666666666666667
testing.test_looponfail,esting.test_looponfail.TestRemoteControl,test_nofailures,PASSED,279,100,11435,2190.2544802867383513
testing.test_looponfail,esting.test_looponfail.TestRemoteControl,test_nofailures,REGRESSION,9,103,8392,3032.3333333333333333
testing.test_looponfail,esting.test_looponfail.TestStatRecorder,test_filechange,PASSED,297,0,78,6.0740740740740741
testing.test_looponfail,esting.test_looponfail.TestStatRecorder,test_pycremoval,PASSED,297,0,29,1.6902356902356902
testing.test_looponfail,esting.test_looponfail.TestStatRecorder,test_waitonchange,PASSED,297,144,303,202.4377104377104377
testing.test_plugin,esting.test_plugin.TestDistOptions,test_getrsyncdirs,FIXED,9,12,2362,548.5555555555555556
testing.test_plugin,esting.test_plugin.TestDistOptions,test_getrsyncdirs,PASSED,279,9,2132,313.0896057347670251
testing.test_plugin,esting.test_plugin.TestDistOptions,test_getrsyncdirs,REGRESSION,9,12,816,300.5555555555555556
testing.test_plugin,esting.test_plugin.TestDistOptions,test_getrsyncdirs_with_conftest,FAILED,9,15,2589,590.3333333333333333
testing.test_plugin,esting.test_plugin.TestDistOptions,test_getrsyncdirs_with_conftest,FIXED,9,10,1790,476.2222222222222222
testing.test_plugin,esting.test_plugin.TestDistOptions,test_getrsyncdirs_with_conftest,PASSED,270,10,1626,320.0407407407407407
testing.test_plugin,esting.test_plugin.TestDistOptions,test_getrsyncdirs_with_conftest,REGRESSION,9,15,1077,321.4444444444444444
testing.test_plugin,esting.test_plugin.TestDistOptions,test_getxspecs,FIXED,9,13,2434,532.3333333333333333
testing.test_plugin,esting.test_plugin.TestDistOptions,test_getxspecs,PASSED,279,9,2125,320.7347670250896057
testing.test_plugin,esting.test_plugin.TestDistOptions,test_getxspecs,REGRESSION,9,13,1076,323.3333333333333333
testing.test_plugin,esting.test_plugin.TestDistOptions,test_xspecs_multiplied,FIXED,9,11,2481,541.3333333333333333
testing.test_plugin,esting.test_plugin.TestDistOptions,test_xspecs_multiplied,PASSED,279,8,2100,315.6559139784946237
testing.test_plugin,esting.test_plugin.TestDistOptions,test_xspecs_multiplied,REGRESSION,9,11,719,288.3333333333333333
testing.test_remote,esting.test_remote.TestReportSerialization,test_collectreport_fail,PASSED,290,29,2144,389.2586206896551724
testing.test_remote,esting.test_remote.TestReportSerialization,test_collectreport_passed,PASSED,290,27,1813,359.0379310344827586
testing.test_remote,esting.test_remote.TestReportSerialization,test_itemreport_outcomes,PASSED,290,49,3908,483.3517241379310345
testing.test_remote,esting.test_remote.TestSlaveInteractor,test_basic_collect_and_runtests,FAILED,47,64,7285,2863.1489361702127660
testing.test_remote,esting.test_remote.TestSlaveInteractor,test_basic_collect_and_runtests,FIXED,14,150,11243,3202.7142857142857143
testing.test_remote,esting.test_remote.TestSlaveInteractor,test_basic_collect_and_runtests,PASSED,211,101,8792,1950.9194312796208531
testing.test_remote,esting.test_remote.TestSlaveInteractor,test_basic_collect_and_runtests,REGRESSION,18,81,7819,2370.8888888888888889
testing.test_remote,esting.test_remote.TestSlaveInteractor,test_happy_run_events_converted,SKIPPED,290,0,10,0.06206896551724137931
testing.test_remote,esting.test_remote.TestSlaveInteractor,test_remote_collect_fail,FAILED,47,81,8219,2998.3617021276595745
testing.test_remote,esting.test_remote.TestSlaveInteractor,test_remote_collect_fail,FIXED,13,135,12731,3763.6923076923076923
testing.test_remote,esting.test_remote.TestSlaveInteractor,test_remote_collect_fail,PASSED,213,106,8061,1869.5211267605633803
testing.test_remote,esting.test_remote.TestSlaveInteractor,test_remote_collect_fail,REGRESSION,17,88,6987,2349.0000000000000000
testing.test_remote,esting.test_remote.TestSlaveInteractor,test_remote_collect_skip,FAILED,47,81,8316,3096.2340425531914894
testing.test_remote,esting.test_remote.TestSlaveInteractor,test_remote_collect_skip,FIXED,13,133,12272,3757.2307692307692308
testing.test_remote,esting.test_remote.TestSlaveInteractor,test_remote_collect_skip,PASSED,213,114,9615,1908.3333333333333333
testing.test_remote,esting.test_remote.TestSlaveInteractor,test_remote_collect_skip,REGRESSION,17,85,7271,2447.1176470588235294
testing.test_remote,esting.test_remote.TestSlaveInteractor,test_runtests_all,FAILED,47,88,7429,2923.4042553191489362
testing.test_remote,esting.test_remote.TestSlaveInteractor,test_runtests_all,FIXED,13,146,11709,3492.6923076923076923
testing.test_remote,esting.test_remote.TestSlaveInteractor,test_runtests_all,PASSED,213,114,7828,1840.5774647887323944
testing.test_remote,esting.test_remote.TestSlaveInteractor,test_runtests_all,REGRESSION,17,83,8423,2586.7058823529411765
testing.test_slavemanage,esting.test_slavemanage.TestGatewayManagerPopen,test_default_chdir,PASSED,297,0,2,0.01346801346801346801
testing.test_slavemanage,esting.test_slavemanage.TestGatewayManagerPopen,test_popen_makegateway_events,PASSED,297,18,2938,570.3198653198653199
testing.test_slavemanage,esting.test_slavemanage.TestGatewayManagerPopen,test_popen_no_default_chdir,PASSED,297,0,2,0.03030303030303030303
testing.test_slavemanage,esting.test_slavemanage.TestGatewayManagerPopen,test_popens_rsync,PASSED,297,18,2999,562.1885521885521886
testing.test_slavemanage,esting.test_slavemanage.TestGatewayManagerPopen,test_rsync_popen_with_path,PASSED,297,19,2193,390.2760942760942761
testing.test_slavemanage,esting.test_slavemanage.TestGatewayManagerPopen,test_rsync_same_popen_twice,PASSED,297,26,4271,691.5319865319865320
testing.test_slavemanage,esting.test_slavemanage.TestHRSync,test_hrsync_filter,PASSED,297,0,31,1.8451178451178451
testing.test_slavemanage,esting.test_slavemanage.TestHRSync,test_hrsync_one_host,PASSED,297,16,1894,371.1582491582491582
testing.test_slavemanage,esting.test_slavemanage.TestNodeManager,test_init_rsync_roots,FIXED,9,49,2922,1040.6666666666666667
testing.test_slavemanage,esting.test_slavemanage.TestNodeManager,test_init_rsync_roots,PASSED,279,46,3597,883.8888888888888889
testing.test_slavemanage,esting.test_slavemanage.TestNodeManager,test_init_rsync_roots,REGRESSION,9,11,1101,308.4444444444444444
testing.test_slavemanage,esting.test_slavemanage.TestNodeManager,test_optimise_popen,FIXED,9,34,7312,1776.0000000000000000
testing.test_slavemanage,esting.test_slavemanage.TestNodeManager,test_optimise_popen,PASSED,279,36,5040,1066.6738351254480287
testing.test_slavemanage,esting.test_slavemanage.TestNodeManager,test_optimise_popen,REGRESSION,9,10,760,282.1111111111111111
testing.test_slavemanage,esting.test_slavemanage.TestNodeManager,test_popen_rsync_subdir,FIXED,9,129,5270,2071.2222222222222222
testing.test_slavemanage,esting.test_slavemanage.TestNodeManager,test_popen_rsync_subdir,PASSED,279,102,7883,1750.1720430107526882
testing.test_slavemanage,esting.test_slavemanage.TestNodeManager,test_popen_rsync_subdir,REGRESSION,9,16,1059,309.8888888888888889
testing.test_slavemanage,esting.test_slavemanage.TestNodeManager,test_rsync_roots_no_roots,SKIPPED,297,0,3,0.14814814814814814815
testing.test_slavemanage,esting.test_slavemanage.TestNodeManager,test_rsyncignore,FIXED,9,54,4067,1136.3333333333333333
testing.test_slavemanage,esting.test_slavemanage.TestNodeManager,test_rsyncignore,PASSED,279,50,7878,905.1111111111111111
testing.test_slavemanage,esting.test_slavemanage.TestNodeManager,test_rsyncignore,REGRESSION,9,11,829,278.2222222222222222
testing.test_slavemanage,esting.test_slavemanage.TestNodeManager,test_setup_DEBUG,FIXED,9,49,11096,2016.4444444444444444
testing.test_slavemanage,esting.test_slavemanage.TestNodeManager,test_setup_DEBUG,PASSED,279,48,5361,938.6021505376344086
testing.test_slavemanage,esting.test_slavemanage.TestNodeManager,test_setup_DEBUG,REGRESSION,9,11,773,277.2222222222222222
testing.test_slavemanage,esting.test_slavemanage.TestNodeManager,test_ssh_setup_nodes,SKIPPED,297,0,0,0.00000000000000000000
win.testing,test_boxed,test_functional_boxed,SKIPPED,91,0,0,0.00000000000000000000
win.testing,test_deprecated,test_dist_conftest_options,PASSED,67,5684,33700,8657.0298507462686567
win.testing,test_deprecated,test_dist_conftest_options,SKIPPED,24,6145,45269,9387.2916666666666667
win.testing,test_dsession,test_collected_function_causes_remote_skip,PASSED,91,5880,40853,8524.4505494505494505
win.testing,test_dsession,test_crashing_item,PASSED,91,7663,20075,10328.351648351648
win.testing,test_dsession,test_funcarg_teardown_failure,PASSED,91,5704,15868,8771.4725274725274725
win.testing,test_dsession,test_session_hooks,PASSED,91,5797,16351,8581.0879120879120879
win.testing,test_dsession,test_teardownfails_one_function,PASSED,91,5643,14797,8252.8461538461538462
win.testing,test_dsession,test_terminate_on_hangingnode,SKIPPED,91,8029,27250,11077.296703296703
win.testing,test_mypickle,test_pickle_and_back_IS_same[0],PASSED,91,0,0,0.00000000000000000000
win.testing,test_mypickle,test_pickle_and_back_IS_same[10],PASSED,91,0,2,0.04395604395604395604
win.testing,test_mypickle,test_pickle_and_back_IS_same[11],PASSED,91,0,3,0.07692307692307692308
win.testing,test_mypickle,test_pickle_and_back_IS_same[12],PASSED,91,0,3,0.10989010989010989011
win.testing,test_mypickle,test_pickle_and_back_IS_same[13],PASSED,91,0,23,0.28571428571428571429
win.testing,test_mypickle,test_pickle_and_back_IS_same[14],PASSED,91,0,1,0.01098901098901098901
win.testing,test_mypickle,test_pickle_and_back_IS_same[15],PASSED,91,0,2,0.06593406593406593407
win.testing,test_mypickle,test_pickle_and_back_IS_same[1],PASSED,91,0,1,0.01098901098901098901
win.testing,test_mypickle,test_pickle_and_back_IS_same[2],PASSED,91,0,2,0.04395604395604395604
win.testing,test_mypickle,test_pickle_and_back_IS_same[3],PASSED,91,0,3,0.06593406593406593407
win.testing,test_mypickle,test_pickle_and_back_IS_same[4],PASSED,91,0,2,0.04395604395604395604
win.testing,test_mypickle,test_pickle_and_back_IS_same[5],PASSED,91,0,21,0.24175824175824175824
win.testing,test_mypickle,test_pickle_and_back_IS_same[6],PASSED,91,0,3,0.06593406593406593407
win.testing,test_mypickle,test_pickle_and_back_IS_same[7],PASSED,91,0,3,0.05494505494505494505
win.testing,test_mypickle,test_pickle_and_back_IS_same[8],PASSED,91,0,3,0.04395604395604395604
win.testing,test_mypickle,test_pickle_and_back_IS_same[9],PASSED,91,0,2,0.03296703296703296703
win.testing,test_mypickle,test_pickling_concurrently,PASSED,91,0,14,0.20879120879120879121
win.testing,test_mypickle,test_pickling_twice_before_unpickling,PASSED,91,0,16,0.31868131868131868132
win.testing,test_mypickle,test_self_memoize,PASSED,91,0,2,0.03296703296703296703
win.testing,test_mypickle,test_underlying_basic_pickling_mechanisms[0],PASSED,91,0,1,0.02197802197802197802
win.testing,test_mypickle,test_underlying_basic_pickling_mechanisms[1],PASSED,91,0,115,6.3516483516483516
win.testing,test_pickling,test_config__setstate__wired_correctly_in_childprocess,PASSED,91,2335,6685,3538.9230769230769231
win.testing,test_plugin,test_dist_incompatibility_messages,PASSED,91,4522,12047,7007.1208791208791209
win.testing,test_plugin,test_dist_options,PASSED,91,639,2953,1244.7032967032967033
win.testing,test_txnode,test_node_hash_equality,PASSED,91,2429,8878,3494.2747252747252747
win.testing,test_util,test_filechange,PASSED,91,0,20,8.7142857142857143
win.testing,test_util,test_pycremoval,PASSED,91,0,6,1.5384615384615385
win.testing,test_util,test_waitonchange,PASSED,91,138,305,201.1978021978021978
win.testing.acceptance_test,TestDistribution,test_data_exchange,PASSED,91,5790,16718,8541.1208791208791209
win.testing.acceptance_test,TestDistribution,test_dist_conftest_specified,PASSED,91,8721,26856,12681.186813186813
win.testing.acceptance_test,TestDistribution,test_dist_each,SKIPPED,91,0,30,8.5934065934065934
win.testing.acceptance_test,TestDistribution,test_dist_tests_with_crash,PASSED,24,10141,28121,12573.166666666667
win.testing.acceptance_test,TestDistribution,test_dist_tests_with_crash,SKIPPED,67,0,1,0.02985074626865671642
win.testing.acceptance_test,TestDistribution,test_distribution_rsyncdirs_example,PASSED,91,5138,16579,7890.7362637362637363
win.testing.acceptance_test,TestDistribution,test_keyboard_interrupt_dist,SKIPPED,91,15,344,47.3736263736263736
win.testing.acceptance_test,TestDistribution,test_keyboardinterrupt_hooks_issue79,PASSED,91,5582,17000,8684.2857142857142857
win.testing.acceptance_test,TestDistribution,test_manytests_to_one_popen,PASSED,91,7047,20990,10579.516483516484
win.testing.acceptance_test,TestTerminalReporting,test_fail_platinfo,PASSED,91,5556,41204,8607.6703296703296703
win.testing.acceptance_test,TestTerminalReporting,test_pass_skip_fail,PASSED,91,5617,17631,8524.5494505494505495
win.testing.test_boxed,TestOptionEffects,test_boxed_option_default,PASSED,91,513,1785,948.3186813186813187
win.testing.test_boxed,TestOptionEffects,test_is_not_boxed_by_default,PASSED,91,249,1129,473.3516483516483516
win.testing.test_dsession,TestDSession,test_add_remove_node,PASSED,91,230,992,456.9450549450549451
win.testing.test_dsession,TestDSession,test_dist_some_tests,PASSED,91,3511,22868,5416.8571428571428571
win.testing.test_dsession,TestDSession,test_exit_completed_tests_fail,PASSED,91,302,1891,508.8901098901098901
win.testing.test_dsession,TestDSession,test_exit_completed_tests_ok,PASSED,91,253,1142,480.2417582417582418
win.testing.test_dsession,TestDSession,test_exit_on_first_failing,PASSED,91,249,1031,496.3186813186813187
win.testing.test_dsession,TestDSession,test_filteritems,PASSED,91,256,891,492.6703296703296703
win.testing.test_dsession,TestDSession,test_internalerror,PASSED,91,287,1031,494.9450549450549451
win.testing.test_dsession,TestDSession,test_keyboardinterrupt,PASSED,91,294,952,458.0769230769230769
win.testing.test_dsession,TestDSession,test_maxfail,PASSED,91,260,896,492.5164835164835165
win.testing.test_dsession,TestDSession,test_no_node_remaining_for_tests,PASSED,91,266,891,486.4395604395604396
win.testing.test_dsession,TestDSession,test_nopending_but_collection_remains,PASSED,91,247,1032,507.2307692307692308
win.testing.test_dsession,TestDSession,test_removeitem_from_failing_teardown,PASSED,91,288,1076,484.7692307692307692
win.testing.test_dsession,TestDSession,test_rescheduleevent,PASSED,91,243,878,473.0659340659340659
win.testing.test_dsession,TestDSession,test_rsync_printing,PASSED,91,176,1031,512.1428571428571429
win.testing.test_dsession,TestDSession,test_senditems_each_and_receive_with_two_nodes,PASSED,91,281,1050,471.9890109890109890
win.testing.test_dsession,TestDSession,test_senditems_load,PASSED,91,240,894,457.9670329670329670
win.testing.test_dsession,TestDSession,test_senditems_load_and_receive_one_node,PASSED,91,232,936,471.7472527472527473
win.testing.test_dsession,TestDSession,test_shuttingdown_filters,PASSED,91,250,969,498.2307692307692308
win.testing.test_dsession,TestDSession,test_testnodedown_shutdown_after_completion,PASSED,91,302,915,506.4615384615384615
win.testing.test_dsession,TestDSession,test_testnodeready_adds_to_available,PASSED,91,281,996,484.4505494505494505
win.testing.test_dsession,TestDSession,test_triggertesting_collect,PASSED,91,276,900,471.2307692307692308
win.testing.test_gwmanage,TestGatewayManagerPopen,test_default_chdir,PASSED,91,0,0,0.00000000000000000000
win.testing.test_gwmanage,TestGatewayManagerPopen,test_popen_makegateway_events,PASSED,91,799,4025,1286.9560439560439560
win.testing.test_gwmanage,TestGatewayManagerPopen,test_popen_no_default_chdir,PASSED,91,0,15,0.17582417582417582418
win.testing.test_gwmanage,TestGatewayManagerPopen,test_popens_rsync,PASSED,91,779,3157,1249.7472527472527473
win.testing.test_gwmanage,TestGatewayManagerPopen,test_rsync_popen_with_path,PASSED,91,382,2018,743.3846153846153846
win.testing.test_gwmanage,TestGatewayManagerPopen,test_rsync_same_popen_twice,PASSED,91,758,4806,1331.8461538461538462
win.testing.test_gwmanage,TestHRSync,test_hrsync_filter,PASSED,91,0,16,1.5714285714285714
win.testing.test_gwmanage,TestHRSync,test_hrsync_one_host,PASSED,91,400,1708,696.4615384615384615
win.testing.test_mypickle,TestPickleChannelFunctional,test_popen_send_instance,PASSED,91,120,562,218.8021978021978022
win.testing.test_mypickle,TestPickleChannelFunctional,test_popen_with_callback,PASSED,91,0,56,5.4615384615384615
win.testing.test_mypickle,TestPickleChannelFunctional,test_popen_with_callback_with_endmarker,PASSED,91,1,56,7.3736263736263736
win.testing.test_mypickle,TestPickleChannelFunctional,test_popen_with_callback_with_endmarker_and_unpickling_error,PASSED,91,11,266,71.4175824175824176
win.testing.test_mypickle,TestPickleChannelFunctional,test_popen_with_various_methods,PASSED,91,0,29,6.1868131868131868
win.testing.test_mypickle,TestPickleChannelFunctional,test_send_concurrent,PASSED,91,2,59,10.3956043956043956
win.testing.test_nodemanage,TestNodeManager,test_init_rsync_roots,PASSED,91,1275,7386,2125.0439560439560440
win.testing.test_nodemanage,TestNodeManager,test_optimise_popen,PASSED,91,1512,5979,2425.0879120879120879
win.testing.test_nodemanage,TestNodeManager,test_popen_rsync_subdir,PASSED,91,2592,11629,4156.4395604395604396
win.testing.test_nodemanage,TestNodeManager,test_rsync_roots_no_roots,SKIPPED,91,0,48,1.3736263736263736
win.testing.test_nodemanage,TestNodeManager,test_rsyncignore,PASSED,91,1318,6358,2004.2197802197802198
win.testing.test_nodemanage,TestNodeManager,test_setup_DEBUG,PASSED,91,1779,6470,2758.2417582417582418
win.testing.test_nodemanage,TestNodeManager,test_ssh_setup_nodes,SKIPPED,91,0,0,0.00000000000000000000
win.testing.test_pickling,TestImmutablePickling,test_pickle_config,PASSED,91,546,2312,1107.4615384615384615
win.testing.test_pickling,TestImmutablePickling,test_pickle_func,PASSED,91,543,2391,1106.5384615384615385
win.testing.test_pickling,TestImmutablePickling,test_pickle_modcol,PASSED,91,536,1817,1078.1428571428571429
win.testing.test_plugin,TestDistOptions,test_getrsyncdirs,PASSED,91,283,1500,614.0989010989010989
win.testing.test_plugin,TestDistOptions,test_getrsyncdirs_with_conftest,PASSED,91,294,2135,653.9230769230769231
win.testing.test_plugin,TestDistOptions,test_getxspecs,PASSED,91,279,1264,608.6593406593406593
win.testing.test_plugin,TestDistOptions,test_xspecs_multiplied,PASSED,91,286,1329,613.1098901098901099
win.testing.test_remote,TestLooponFailing,test_looponfail_from_fail_to_ok,PASSED,91,4640,18309,8190.1098901098901099
win.testing.test_remote,TestLooponFailing,test_looponfail_from_one_to_two_tests,PASSED,91,7711,21562,12024.153846153846
win.testing.test_remote,TestLooponFailing,test_looponfail_functional_fail_to_ok,SKIPPED,91,11,100,42.7692307692307692
win.testing.test_remote,TestLooponFailing,test_looponfail_removed_test,PASSED,91,7405,26506,12331.527472527473
win.testing.test_remote,TestLooponFailing,test_looponfail_xfail_passes,SKIPPED,91,10,225,42.0769230769230769
win.testing.test_remote,TestRemoteControl,test_failure_change,PASSED,91,-405792,22470,7571.8241758241758242
win.testing.test_remote,TestRemoteControl,test_failures_somewhere,PASSED,91,-410733,18091,3595.0659340659340659
win.testing.test_remote,TestRemoteControl,test_nofailures,PASSED,91,2861,8334,4338.6043956043956044
win.testing.test_txnode,TestMasterSlaveConnection,test_crash_invalid_item,PASSED,91,3433,11304,5140.4835164835164835
win.testing.test_txnode,TestMasterSlaveConnection,test_crash_killed,PASSED,24,1560,6422,3880.0833333333333333
win.testing.test_txnode,TestMasterSlaveConnection,test_crash_killed,SKIPPED,67,0,1,0.01492537313432835821
win.testing.test_txnode,TestMasterSlaveConnection,test_node_down,PASSED,91,1862,8189,4315.6813186813186813
win.testing.test_txnode,TestMasterSlaveConnection,test_send_on_closed_channel,PASSED,91,549,4598,1584.0769230769230769
win.testing.test_txnode,TestMasterSlaveConnection,test_send_one,PASSED,91,1993,12056,4736.9010989010989011
win.testing.test_txnode,TestMasterSlaveConnection,test_send_one_with_env,PASSED,91,1490,10841,4329.2087912087912088
win.testing.test_txnode,TestMasterSlaveConnection,test_send_some,PASSED,91,1970,8336,4539.1868131868131868
winxp.testing,test_boxed,test_functional_boxed,SKIPPED,89,0,0,0.00000000000000000000
winxp.testing,test_deprecated,test_dist_conftest_options,FAILED,2,286,540,413.0000000000000000
winxp.testing,test_deprecated,test_dist_conftest_options,PASSED,68,134,27730,7867.4411764705882353
winxp.testing,test_deprecated,test_dist_conftest_options,SKIPPED,19,196,27820,7685.4736842105263158
winxp.testing,test_dsession,test_collected_function_causes_remote_skip,PASSED,89,134,31094,8165.6292134831460674
winxp.testing,test_dsession,test_crashing_item,PASSED,89,181,30614,9085.4044943820224719
winxp.testing,test_dsession,test_funcarg_teardown_failure,PASSED,89,90,26468,7802.1235955056179775
winxp.testing,test_dsession,test_session_hooks,PASSED,89,89,28196,7983.7528089887640449
winxp.testing,test_dsession,test_teardownfails_one_function,PASSED,89,119,31606,7897.8876404494382022
winxp.testing,test_dsession,test_terminate_on_hangingnode,SKIPPED,89,4612,38456,12273.438202247191
winxp.testing,test_mypickle,test_pickle_and_back_IS_same[0],PASSED,89,0,0,0.00000000000000000000
winxp.testing,test_mypickle,test_pickle_and_back_IS_same[10],PASSED,89,0,9,0.10112359550561797753
winxp.testing,test_mypickle,test_pickle_and_back_IS_same[11],PASSED,89,0,14,0.25842696629213483146
winxp.testing,test_mypickle,test_pickle_and_back_IS_same[12],PASSED,89,0,15,0.16853932584269662921
winxp.testing,test_mypickle,test_pickle_and_back_IS_same[13],PASSED,89,0,0,0.00000000000000000000
winxp.testing,test_mypickle,test_pickle_and_back_IS_same[14],PASSED,89,0,15,0.16853932584269662921
winxp.testing,test_mypickle,test_pickle_and_back_IS_same[15],PASSED,89,0,0,0.00000000000000000000
winxp.testing,test_mypickle,test_pickle_and_back_IS_same[1],PASSED,89,0,0,0.00000000000000000000
winxp.testing,test_mypickle,test_pickle_and_back_IS_same[2],PASSED,89,0,0,0.00000000000000000000
winxp.testing,test_mypickle,test_pickle_and_back_IS_same[3],PASSED,89,0,0,0.00000000000000000000
winxp.testing,test_mypickle,test_pickle_and_back_IS_same[4],PASSED,89,0,0,0.00000000000000000000
winxp.testing,test_mypickle,test_pickle_and_back_IS_same[5],PASSED,89,0,0,0.00000000000000000000
winxp.testing,test_mypickle,test_pickle_and_back_IS_same[6],PASSED,89,0,0,0.00000000000000000000
winxp.testing,test_mypickle,test_pickle_and_back_IS_same[7],PASSED,89,0,0,0.00000000000000000000
winxp.testing,test_mypickle,test_pickle_and_back_IS_same[8],PASSED,89,0,14,0.15730337078651685393
winxp.testing,test_mypickle,test_pickle_and_back_IS_same[9],PASSED,89,0,14,0.15730337078651685393
winxp.testing,test_mypickle,test_pickling_concurrently,PASSED,89,0,14,0.15730337078651685393
winxp.testing,test_mypickle,test_pickling_twice_before_unpickling,PASSED,89,0,15,0.58426966292134831461
winxp.testing,test_mypickle,test_self_memoize,PASSED,89,0,15,0.16853932584269662921
winxp.testing,test_mypickle,test_underlying_basic_pickling_mechanisms[0],PASSED,89,0,0,0.00000000000000000000
winxp.testing,test_mypickle,test_underlying_basic_pickling_mechanisms[1],PASSED,89,0,75,3.2471910112359551
winxp.testing,test_pickling,test_config__setstate__wired_correctly_in_childprocess,PASSED,89,29,11732,3066.7528089887640449
winxp.testing,test_plugin,test_dist_incompatibility_messages,PASSED,89,75,21300,6213.0898876404494382
winxp.testing,test_plugin,test_dist_options,PASSED,89,0,5662,1310.6966292134831461
winxp.testing,test_txnode,test_node_hash_equality,PASSED,89,45,11987,3135.4157303370786517
winxp.testing,test_util,test_filechange,PASSED,89,0,120,7.5842696629213483
winxp.testing,test_util,test_pycremoval,PASSED,89,0,45,3.3033707865168539
winxp.testing,test_util,test_waitonchange,PASSED,89,115,331,273.4157303370786517
winxp.testing.acceptance_test,TestDistribution,test_data_exchange,PASSED,89,89,30915,8232.5168539325842697
winxp.testing.acceptance_test,TestDistribution,test_dist_conftest_specified,PASSED,89,224,45635,11583.213483146067
winxp.testing.acceptance_test,TestDistribution,test_dist_each,SKIPPED,89,0,29,6.1685393258426966
winxp.testing.acceptance_test,TestDistribution,test_dist_tests_with_crash,PASSED,21,1322,34730,12506.571428571429
winxp.testing.acceptance_test,TestDistribution,test_dist_tests_with_crash,SKIPPED,68,0,0,0.00000000000000000000
winxp.testing.acceptance_test,TestDistribution,test_distribution_rsyncdirs_example,PASSED,89,151,31575,8485.6067415730337079
winxp.testing.acceptance_test,TestDistribution,test_keyboard_interrupt_dist,SKIPPED,74,0,344,48.0135135135135135
winxp.testing.acceptance_test,TestDistribution,test_keyboardinterrupt_hooks_issue79,PASSED,89,134,29247,8200.5730337078651685
winxp.testing.acceptance_test,TestDistribution,test_manytests_to_one_popen,PASSED,89,224,32898,9865.4494382022471910
winxp.testing.acceptance_test,TestTerminalReporting,test_fail_platinfo,PASSED,74,89,30479,9174.9054054054054054
winxp.testing.acceptance_test,TestTerminalReporting,test_pass_skip_fail,PASSED,74,120,29292,9341.8243243243243243
winxp.testing.test_boxed,TestOptionEffects,test_boxed_option_default,PASSED,89,0,4010,1040.7752808988764045
winxp.testing.test_boxed,TestOptionEffects,test_is_not_boxed_by_default,PASSED,89,0,2479,507.1685393258426966
winxp.testing.test_dsession,TestDSession,test_add_remove_node,PASSED,89,0,2359,510.8426966292134831
winxp.testing.test_dsession,TestDSession,test_dist_some_tests,PASSED,89,89,29728,5124.8202247191011236
winxp.testing.test_dsession,TestDSession,test_exit_completed_tests_fail,PASSED,89,0,2329,533.3595505617977528
winxp.testing.test_dsession,TestDSession,test_exit_completed_tests_ok,PASSED,89,0,2148,512.3146067415730337
winxp.testing.test_dsession,TestDSession,test_exit_on_first_failing,PASSED,89,0,2343,531.3707865168539326
winxp.testing.test_dsession,TestDSession,test_filteritems,PASSED,89,0,1983,547.0000000000000000
winxp.testing.test_dsession,TestDSession,test_internalerror,PASSED,89,0,2223,537.0112359550561798
winxp.testing.test_dsession,TestDSession,test_keyboardinterrupt,PASSED,89,0,2674,547.6404494382022472
winxp.testing.test_dsession,TestDSession,test_maxfail,PASSED,89,0,2284,548.6516853932584270
winxp.testing.test_dsession,TestDSession,test_no_node_remaining_for_tests,PASSED,89,0,10139,627.9101123595505618
winxp.testing.test_dsession,TestDSession,test_nopending_but_collection_remains,PASSED,89,0,2118,529.9438202247191011
winxp.testing.test_dsession,TestDSession,test_removeitem_from_failing_teardown,PASSED,89,0,2043,547.4494382022471910
winxp.testing.test_dsession,TestDSession,test_rescheduleevent,PASSED,89,0,2359,536.6629213483146067
winxp.testing.test_dsession,TestDSession,test_rsync_printing,PASSED,89,0,3469,563.5056179775280899
winxp.testing.test_dsession,TestDSession,test_senditems_each_and_receive_with_two_nodes,PASSED,89,0,2509,514.0224719101123596
winxp.testing.test_dsession,TestDSession,test_senditems_load,PASSED,89,0,2058,502.5168539325842697
winxp.testing.test_dsession,TestDSession,test_senditems_load_and_receive_one_node,PASSED,89,0,2163,515.9438202247191011
winxp.testing.test_dsession,TestDSession,test_shuttingdown_filters,PASSED,89,0,2389,543.7303370786516854
winxp.testing.test_dsession,TestDSession,test_testnodedown_shutdown_after_completion,PASSED,89,0,1863,506.3932584269662921
winxp.testing.test_dsession,TestDSession,test_testnodeready_adds_to_available,PASSED,89,0,1997,514.2696629213483146
winxp.testing.test_dsession,TestDSession,test_triggertesting_collect,PASSED,89,0,2223,515.6966292134831461
winxp.testing.test_gwmanage,TestGatewayManagerPopen,test_default_chdir,PASSED,89,0,15,0.32584269662921348315
winxp.testing.test_gwmanage,TestGatewayManagerPopen,test_popen_makegateway_events,PASSED,89,14,6640,1253.4943820224719101
winxp.testing.test_gwmanage,TestGatewayManagerPopen,test_popen_no_default_chdir,PASSED,89,0,0,0.00000000000000000000
winxp.testing.test_gwmanage,TestGatewayManagerPopen,test_popens_rsync,PASSED,89,14,6324,1201.9213483146067416
winxp.testing.test_gwmanage,TestGatewayManagerPopen,test_rsync_popen_with_path,PASSED,89,14,2238,669.9662921348314607
winxp.testing.test_gwmanage,TestGatewayManagerPopen,test_rsync_same_popen_twice,PASSED,89,14,5002,1223.5730337078651685
winxp.testing.test_gwmanage,TestHRSync,test_hrsync_filter,PASSED,89,0,45,4.0000000000000000
winxp.testing.test_gwmanage,TestHRSync,test_hrsync_one_host,PASSED,89,0,2915,656.6516853932584270
winxp.testing.test_mypickle,TestPickleChannelFunctional,test_popen_send_instance,PASSED,89,0,870,213.8089887640449438
winxp.testing.test_mypickle,TestPickleChannelFunctional,test_popen_with_callback,PASSED,89,0,105,8.3820224719101124
winxp.testing.test_mypickle,TestPickleChannelFunctional,test_popen_with_callback_with_endmarker,PASSED,89,0,59,15.4719101123595506
winxp.testing.test_mypickle,TestPickleChannelFunctional,test_popen_with_callback_with_endmarker_and_unpickling_error,PASSED,89,0,1307,70.4044943820224719
winxp.testing.test_mypickle,TestPickleChannelFunctional,test_popen_with_various_methods,PASSED,89,0,29,6.2247191011235955
winxp.testing.test_mypickle,TestPickleChannelFunctional,test_send_concurrent,PASSED,89,0,61,13.5056179775280899
winxp.testing.test_nodemanage,TestNodeManager,test_init_rsync_roots,PASSED,89,44,6609,1982.7752808988764045
winxp.testing.test_nodemanage,TestNodeManager,test_optimise_popen,PASSED,89,29,16193,2329.8876404494382022
winxp.testing.test_nodemanage,TestNodeManager,test_popen_rsync_subdir,PASSED,89,105,14015,3962.7078651685393258
winxp.testing.test_nodemanage,TestNodeManager,test_rsync_roots_no_roots,SKIPPED,89,0,931,13.1573033707865169
winxp.testing.test_nodemanage,TestNodeManager,test_rsyncignore,PASSED,89,45,7616,2072.6741573033707865
winxp.testing.test_nodemanage,TestNodeManager,test_setup_DEBUG,PASSED,89,29,9328,2455.1123595505617978
winxp.testing.test_nodemanage,TestNodeManager,test_ssh_setup_nodes,SKIPPED,89,0,0,0.00000000000000000000
winxp.testing.test_pickling,TestImmutablePickling,test_pickle_config,PASSED,89,14,5302,1128.5617977528089888
winxp.testing.test_pickling,TestImmutablePickling,test_pickle_func,PASSED,89,14,4521,1132.2022471910112360
winxp.testing.test_pickling,TestImmutablePickling,test_pickle_modcol,PASSED,89,14,4236,1083.3483146067415730
winxp.testing.test_plugin,TestDistOptions,test_getrsyncdirs,PASSED,89,0,2449,611.9775280898876404
winxp.testing.test_plugin,TestDistOptions,test_getrsyncdirs_with_conftest,PASSED,89,0,2478,619.4831460674157303
winxp.testing.test_plugin,TestDistOptions,test_getxspecs,PASSED,89,0,2704,641.2808988764044944
winxp.testing.test_plugin,TestDistOptions,test_xspecs_multiplied,PASSED,89,0,2388,604.2471910112359551
winxp.testing.test_remote,TestLooponFailing,test_looponfail_from_fail_to_ok,FAILED,3,150,256,205.3333333333333333
winxp.testing.test_remote,TestLooponFailing,test_looponfail_from_fail_to_ok,FIXED,3,480,526,510.6666666666666667
winxp.testing.test_remote,TestLooponFailing,test_looponfail_from_fail_to_ok,PASSED,80,104,28301,8140.6000000000000000
winxp.testing.test_remote,TestLooponFailing,test_looponfail_from_fail_to_ok,REGRESSION,3,59,240,174.3333333333333333
winxp.testing.test_remote,TestLooponFailing,test_looponfail_from_one_to_two_tests,FAILED,3,150,359,229.3333333333333333
winxp.testing.test_remote,TestLooponFailing,test_looponfail_from_one_to_two_tests,FIXED,3,616,735,685.6666666666666667
winxp.testing.test_remote,TestLooponFailing,test_looponfail_from_one_to_two_tests,PASSED,80,194,45245,12089.212500000000
winxp.testing.test_remote,TestLooponFailing,test_looponfail_from_one_to_two_tests,REGRESSION,3,75,376,235.3333333333333333
winxp.testing.test_remote,TestLooponFailing,test_looponfail_functional_fail_to_ok,SKIPPED,89,0,166,40.6629213483146067
winxp.testing.test_remote,TestLooponFailing,test_looponfail_removed_test,FAILED,3,150,271,220.3333333333333333
winxp.testing.test_remote,TestLooponFailing,test_looponfail_removed_test,FIXED,3,691,870,775.6666666666666667
winxp.testing.test_remote,TestLooponFailing,test_looponfail_removed_test,PASSED,80,181,41279,11940.350000000000
winxp.testing.test_remote,TestLooponFailing,test_looponfail_removed_test,REGRESSION,3,240,2388,976.0000000000000000
winxp.testing.test_remote,TestLooponFailing,test_looponfail_xfail_passes,SKIPPED,89,0,210,43.1685393258426966
winxp.testing.test_remote,TestRemoteControl,test_failure_change,FAILED,3,180,225,195.0000000000000000
winxp.testing.test_remote,TestRemoteControl,test_failure_change,FIXED,3,631,871,740.6666666666666667
winxp.testing.test_remote,TestRemoteControl,test_failure_change,PASSED,80,195,45651,11848.925000000000
winxp.testing.test_remote,TestRemoteControl,test_failure_change,REGRESSION,3,89,240,174.6666666666666667
winxp.testing.test_remote,TestRemoteControl,test_failures_somewhere,FAILED,3,240,390,320.3333333333333333
winxp.testing.test_remote,TestRemoteControl,test_failures_somewhere,FIXED,3,434,465,454.3333333333333333
winxp.testing.test_remote,TestRemoteControl,test_failures_somewhere,PASSED,80,105,31530,8164.5625000000000000
winxp.testing.test_remote,TestRemoteControl,test_failures_somewhere,REGRESSION,3,90,240,165.0000000000000000
winxp.testing.test_remote,TestRemoteControl,test_nofailures,PASSED,89,44,15067,3878.3595505617977528
winxp.testing.test_txnode,TestMasterSlaveConnection,test_crash_invalid_item,PASSED,89,75,15848,4273.9887640449438202
winxp.testing.test_txnode,TestMasterSlaveConnection,test_crash_killed,PASSED,21,105,10139,3470.9047619047619048
winxp.testing.test_txnode,TestMasterSlaveConnection,test_crash_killed,SKIPPED,68,0,0,0.00000000000000000000
winxp.testing.test_txnode,TestMasterSlaveConnection,test_node_down,PASSED,89,59,14827,3752.0898876404494382
winxp.testing.test_txnode,TestMasterSlaveConnection,test_send_on_closed_channel,PASSED,89,14,6384,1471.5505617977528090
winxp.testing.test_txnode,TestMasterSlaveConnection,test_send_one,PASSED,89,59,15412,4034.9438202247191011
winxp.testing.test_txnode,TestMasterSlaveConnection,test_send_one_with_env,PASSED,57,75,14045,5265.6491228070175439
winxp.testing.test_txnode,TestMasterSlaveConnection,test_send_one_with_env,REGRESSION,1,17200,17200,17200.0000000000000000
winxp.testing.test_txnode,TestMasterSlaveConnection,test_send_some,PASSED,89,45,15472,3866.0000000000000000
